SampleID,humidity,wind_speed,pressure,rainfall,cloud_cover,solar_radiation,day_of_year,temperature
1,52.47240713084175,20.944851420592354,1005.5539878651585,5.190817851362181,26.170568373590598,679.2632454744122,313,5.33
2,87.04285838459496,16.082890990323612,1016.2570284213507,4.79181877629731,24.697879907199983,635.1694562583024,328,3.43
3,73.9196365086843,9.285828488589832,1026.1883750762922,0.2564206580643569,90.62545805210367,501.47026601890127,7,-1.81
4,65.91950905182219,24.413850591208462,1021.9667465922869,3.4124782762615635,24.95461998495061,769.2330005283532,206,24.23
5,39.36111842654619,20.541935176616377,1024.1968344358436,3.8019561878585706,27.1949726128631,240.33216086988196,114,13.53
6,39.35967122017216,4.8785081803467385,1019.7635010013215,3.988227808969005,75.93982624179637,176.48494721673498,272,5.81
7,33.48501673009197,27.327815534815272,1020.7682969355355,5.801723692273323,44.973984245054,697.7733768687955,83,11.97
8,81.97056874649611,24.67611728769507,1025.4758695469595,5.336025467268785,77.67105569551812,407.40487164362384,179,15.91
9,66.06690070459253,28.49399739875772,1007.4900402657756,6.079050927934446,6.536615756438524,692.8781979449424,210,18.43
10,72.48435466776273,21.771585251650798,1014.6827489092942,7.6488326154212825,48.75711936733843,725.1631436367904,328,3.12
11,31.23506965774815,18.402455878073695,1006.6362832545881,8.129857387160936,3.3613600183282633,143.72031553335,124,13.37
12,88.19459112971965,12.547291088718566,1029.6300402398995,7.181230762264944,6.265320345535452,718.4253340902425,113,18.75
13,79.9465584480253,27.981854500620397,1028.3217801905985,9.555236959549347,90.64374533444109,413.8233387585955,12,-8.21
14,42.74034664069657,25.98191668501225,1001.1828043410552,0.1823258267636163,13.924537111759516,457.30274230296254,126,17.4
15,40.909498032426036,1.3565601031856822,1021.1672551754707,1.957779856835461,53.24206822752171,538.6147577652472,53,9.51
16,41.00427059120603,0.7910092349175601,1027.7574495224699,0.0756287497814212,41.10956026007065,748.4678247110608,331,6.62
17,48.254534577572265,11.293901006341487,1005.41726035382,6.47474714154603,34.73433262588427,113.38126610083482,283,2.14
18,61.48538589793427,24.316599923454987,1017.0383569165789,8.98030548949987,89.98333456872724,433.790427822472,140,11.2
19,55.916701118526944,29.618283879448335,1027.4646489276413,2.4348229657629927,2.18233967754895,581.4054297013924,97,16.16
20,47.47374841188252,4.5125067331058455,1001.018379357574,9.270345447963066,66.37896861755891,605.89487038876,5,-0.51
21,66.71117368334276,17.823921460564055,1020.9226080174052,0.6026739028956085,96.33944342135504,584.7727020759755,57,6.51
22,38.36963163912251,11.426725698930646,1008.9204702211765,9.344360268055143,56.016818346184195,194.1045905856853,334,-3.64
23,47.52867891211309,29.097431934438095,1027.731885861296,3.516226872396344,93.68224620330918,309.57691186017684,69,1.48
24,51.9817105976215,25.26356769407126,1029.1317473549611,1.0142082844921652,5.225787928602377,351.1008677919094,118,16.42
25,57.364199053022155,25.149861141334135,1028.327994673403,4.858717591863257,41.87933190741614,663.1060453756535,59,8.13
26,77.11055768358082,14.060794793849109,1014.2264264997239,2.567765677205079,26.015779096205115,295.1319106901871,33,-0.7
27,41.98042692950158,12.444585070129955,1025.8612795296795,2.8487290196192285,73.08209649807299,247.49347470704222,318,-3.22
28,60.8540663048167,8.202212157921187,1025.336481956052,3.0728996492628657,98.12970904972467,770.2136133266673,50,4.84
29,65.54487413172255,1.6912648995278134,1009.5730141972977,8.030258978326634,25.65300624442478,106.20429957942822,19,-3.4
30,32.78702476319987,25.941671287651598,1024.8674642245203,5.391612766752544,65.41746014740745,798.4745989773847,214,18.46
31,66.4526911140863,24.387030273902326,1001.1102290414648,3.1130769915600363,19.809763275974014,573.7749092001769,197,20.41
32,40.23144742123749,29.991530198583916,1017.8880963544616,6.103337833109183,56.53302545716099,679.9285096143819,47,5.27
33,33.90309557911677,29.89910511221716,1006.9002651186311,7.161506742231936,46.39324866883362,306.2335774423352,167,16.96
34,86.93313223519999,16.662951168078823,1003.6170065733183,2.7262400073353374,97.2005329631537,110.02069436694198,289,-3.83
35,87.93792198447356,23.069622455415313,1002.3085960488763,4.135491015253515,60.85272726964666,616.5086629930711,141,17.16
36,78.50384088698767,28.34297189647284,1020.8886632763442,1.2188609333694755,34.950637208681876,683.9012179004731,84,13.44
37,48.27682615040224,25.489421720322344,1010.196248913042,1.8114934953468032,11.409578488793336,618.3332923674634,182,23.67
38,35.86032684038303,7.42044305229593,1021.7430031458629,6.811178539649828,15.124682873493455,199.995201110587,79,8.03
39,71.0539815907294,13.516324059302805,1001.9606902239683,1.8143834769562694,22.53169299512351,627.3995455798783,215,21.17
40,56.40914962437608,3.8747824545448495,1009.4587101349183,5.251633836670601,25.0966661340298,638.2459474753487,14,2.45
41,37.32229409068673,28.62153081776167,1016.1847387712601,7.090462617224327,85.06160578411378,560.9783609690385,215,16.56
42,59.71061460667621,18.1852390335264,1023.7216949451689,1.0687692309474384,56.12227882825249,636.2811529569103,128,20.34
43,32.063311266913104,6.859284165103881,1009.562575087962,5.673122196289036,52.33909113743665,692.1450077744125,310,5.51
44,84.55922412472692,20.151020532175703,1018.7767412931103,2.5656278370136376,11.476887186921747,529.5228799662209,248,12.52
45,45.52679889600101,18.543847213736875,1026.5793324470856,9.629268752375799,86.0139693349435,162.02329977877534,29,-5.92
46,69.75133706123891,10.744881540985215,1018.4758956454691,4.835456467199247,72.28143032084837,441.3394667670476,280,4.49
47,48.70266456536466,3.4067277659888706,1006.988784242609,8.059925497751582,6.766836190000158,154.35453427012354,338,-2.22
48,61.20408127066865,20.14719586778399,1000.7320234466962,5.502265421562617,70.78350972297687,385.2801217227016,319,0.23
49,62.80261676059678,15.609231027113799,1026.1029662170279,0.43412532854819164,54.353821734264606,384.9745423879393,202,18.89
50,41.091267331531625,23.16955175206918,1000.6380823255116,6.3315137559402235,8.172534574677826,146.2068908981691,361,-6.17
51,88.17507766587352,15.604905033359803,1026.241050180526,9.51403342206657,45.830064152865646,344.1743737786355,57,1.45
52,76.50796940166687,25.565445009556203,1015.8681140208164,6.016118201463312,48.469628713004695,177.69866915392038,218,11.44
53,86.36993649385134,16.557205163234567,1028.1720309553868,8.191888594267901,16.577454016327575,665.7646470064556,62,8.27
54,83.68964102565893,16.828139146061588,1023.96349707321,8.842064633484078,94.56981470002823,763.3816181751296,157,20.38
55,65.87399872866511,26.29960807975035,1029.9380233160002,2.2807977194893247,84.99753714806619,150.62153268055704,202,13.73
56,85.312454101387,12.10448598637191,1010.5213544635513,2.1204483990822665,66.90223373291083,768.580645104191,17,5.46
57,35.30955012311517,4.020456853519222,1023.0156486679338,6.1098098885099175,46.22955610006072,465.8036195357216,322,2.87
58,41.75897174514871,0.8634802894001692,1012.0579274082772,4.110284698067047,41.17655415845085,309.69597456771174,6,1.61
59,32.71363733463228,22.65411767020857,1014.3962686091172,8.398613028667203,65.09734671509541,153.80345269331445,58,-0.21
60,49.51981984579586,18.60928654060394,1018.8251638965511,9.000231233980111,54.543186940690546,450.43698764929246,325,-1.28
61,53.32063738136892,21.122393042976707,1026.2103134255901,3.534213793027181,6.227310588188562,656.1608811435241,318,4.93
62,46.28094190643375,6.388924845267322,1029.5225040759788,2.3687055897448204,51.25026487703317,594.9605340866887,169,25.38
63,79.72425054911577,4.091144267603093,1023.0482024159355,7.805255152438618,80.64036172328395,135.15820802478163,82,1.08
64,51.40519960161536,0.43633997003645786,1012.53300346502,2.748060355481361,45.923987759695805,151.03128475753246,219,16.1
65,46.85607058124285,10.51762676419791,1012.6407100683122,8.226143185136785,5.195657755426842,382.011297842846,177,20.36
66,62.56176498949491,17.697530605638992,1022.1274690476668,4.237382536487628,78.6278199384033,306.7033458335603,204,11.55
67,38.45545349848576,11.767321352991969,1007.163314373049,6.675498992914704,20.13637821359744,262.6690261392335,71,7.1
68,78.13181884524238,13.124247660711871,1003.3142233939418,0.9553531383466818,25.862083488803876,296.70314923609953,266,4.26
69,34.47303862078625,27.124760834812452,1010.6386647292233,6.23859324676573,16.47063534322959,662.4379203078192,98,16.98
70,89.21321619603104,10.447664010699011,1008.6171697496225,4.517676787372292,33.02150648714976,750.4596375422977,345,4.56
71,76.33468615779944,15.419684674794324,1008.8892436136797,5.866084631754741,75.6751505688635,383.5718861692965,291,0.05
72,41.92294089205034,23.509590382234293,1007.0082325314972,1.6801420774486342,51.93858595039374,734.277701492748,208,22.3
73,30.331327027416144,11.896283469638105,1001.2627956890908,7.368737449441821,20.488127415071254,325.04699087351736,2,2.45
74,78.92768570729005,18.662601006836205,1000.5362180420024,8.627970775432285,87.78300781520409,433.5058904406541,124,10.83
75,72.41144063085703,25.870911262402355,1029.631671692081,2.1673980009077565,87.95818549515292,258.2202984711998,280,-1.22
76,73.74043008245924,28.485618709729263,1012.8331940120759,0.9571455552016173,87.05784250460069,548.3332295230908,74,9.11
77,76.27622080115674,4.4122044278711385,1011.5297994147904,0.23638586046336396,23.87962113815393,785.2867806223662,166,29.42
78,34.442679104045425,27.797628754844833,1020.3894184807921,6.4197150044326605,45.12393441809881,522.4451672303651,22,1.13
79,51.507943712656356,14.763488792386145,1006.547616635952,6.070940360887808,98.49896561408751,350.4698588794842,154,16.59
80,36.95214357150778,7.747331648968751,1028.4988355185067,5.4669741271407,77.20124763099903,553.4722121933698,295,7.5
81,81.7862055525356,13.77407268714784,1023.5903504324666,2.3194709611597544,2.716742122555982,186.04447492577128,219,12.11
82,67.39788760965348,29.40097725856431,1002.6823300693678,3.9090599590551465,6.5204591260492055,722.061356185779,157,22.16
83,49.85388149115895,14.778542819786088,1012.5274232735478,5.944763351861731,46.39313768123328,452.15876554588544,230,16.33
84,33.81350101716142,9.862548308625247,1026.373549226865,4.967668588591694,90.92202058615601,414.5448194277494,20,2.22
85,48.65893930293973,19.002025629501773,1028.3419606687423,9.877855202148872,53.870179795271426,510.10535191746345,41,2.67
86,49.51099932160482,7.204368563345792,1014.0220453374961,1.3643975255673313,49.781250803429025,537.3487039525817,148,20.34
87,73.77637070028385,2.275899843259918,1018.4023416763213,6.951445540475937,10.547369995663058,150.2430643585591,108,13.39
88,68.25344828131279,3.8663916573194768,1005.0110183827622,4.043187681042921,65.6780104724294,577.8320548563817,84,11.0
89,83.23276455457959,3.8413751687331734,1029.7350587841092,4.281996149256147,82.21031606002255,269.3521762208707,322,-4.29
90,58.332895509716955,4.55708080536883,1006.9501510415033,7.175977656581763,38.04200075075623,599.7668427546129,309,5.35
91,37.1756547562981,4.164815179482304,1028.2819532240537,6.924361513243697,77.56118509253275,675.7743560689378,290,10.3
92,72.7946872333797,19.226242344096438,1019.489399469771,9.912559937021882,96.44766539008116,662.7709552867642,323,0.13
93,75.64710291701385,5.456402531974344,1018.2321038463658,1.2839428945412523,20.376645912768907,486.75067718552236,134,20.36
94,63.67663185416978,10.370018499715897,1015.3806553304953,1.0410964938416634,52.33296311947413,464.1189246175258,207,19.17
95,76.25803079727366,26.903652297180354,1006.9200943515327,7.243388171287411,28.713795808457554,200.0131729375882,283,-0.15
96,59.62773578186344,14.218849207886171,1005.2958409601653,5.783869170064091,79.28544190338394,642.7423052821949,266,10.64
97,61.363969762919645,20.026732155630814,1006.6145862721053,2.7416066655980584,57.75933658811575,289.98656631270006,73,1.21
98,55.652461101512976,5.169596136048895,1005.5931478643276,0.794193689889866,63.45824175503038,447.6867959725626,352,0.27
99,31.52514760464571,5.768670564260123,1023.3875342070025,0.8565824959643054,79.79141596158941,298.9918650492617,48,3.91
100,36.473485619598264,1.226058487994366,1010.5037577750019,8.941908746641182,39.59704726624549,193.6798540997852,326,-3.89
101,31.885751141204054,5.068051892164936,1001.7352802969019,1.918673247187429,91.50900684070432,540.6903878242156,233,17.33
102,68.18462467582683,8.35771017095876,1029.0730789042243,3.2337156211552074,53.302886724614,138.03242437603268,100,7.63
103,48.8613588645796,5.3103145283024045,1026.5135765489028,2.26656402226988,15.7954822835348,624.05166388834,59,14.04
104,60.514241469882165,2.6610760127116686,1027.8325684958563,3.5499630583193733,69.58991181688025,322.3107566827817,258,10.68
105,84.45398843556558,3.6190761330180243,1029.847234679393,0.6942384274609337,79.32613504382545,100.09428510313973,65,0.11
106,44.9575337489325,13.823363040981773,1005.2168574765847,5.190597909082704,31.67616770675267,457.7903974660609,83,10.78
107,54.62297538213778,6.190011552173775,1011.8872605670798,0.676125635922149,85.7179256998753,132.7963359693222,154,14.47
108,75.33306831258292,10.928095831442263,1022.7471542711228,8.003565078223616,90.61432547657664,293.31869047462965,266,2.14
109,43.72788992949735,15.102518125645707,1020.8806185416138,2.3371208191043302,27.690448737780894,594.8835412190014,309,6.45
110,34.61879458972758,20.71184485888096,1004.6168771901956,5.400119146045106,98.3521472715222,143.8827351353061,79,1.58
111,47.38508717482608,1.179364195232968,1024.4749937497186,8.800790875614583,14.071152804875842,687.5369446492016,315,4.96
112,39.67327723524026,23.98231196727128,1006.7332171550999,6.5087736904719415,20.201566840248997,102.67394586100818,150,14.73
113,85.78185914055439,18.837011684727234,1006.7145284446786,5.329577865513353,18.422483923802613,272.77670844133155,48,1.36
114,78.48722277386501,2.4527709584661572,1016.1092326868024,3.243337531153756,89.39897100078704,618.63283930645,248,11.79
115,68.00422539062541,26.207358723203317,1017.7881980452511,3.330019130581979,65.42925523249619,321.38910481051477,278,3.84
116,82.28763541126307,27.626172015954396,1017.4025862351343,6.694869551981901,15.210428322227287,171.32467164620948,356,-7.91
117,78.22032461394687,1.8323387956459125,1002.7446051219326,9.941393612211675,44.032341836834895,352.16374316029953,98,9.98
118,41.19420353316215,8.30632944441611,1026.3238258789115,6.618391898493786,61.529802506980204,289.27530046916786,25,-0.02
119,83.55353990939867,24.18603839379184,1007.9680012776612,5.577834173700249,8.34640849893833,689.8983315123885,284,8.13
120,62.36053451493904,22.44779071150975,1003.8854476384842,7.306505102392461,88.24163684073388,319.3435423096002,301,-1.67
121,78.44640930984376,5.53563058069132,1026.6624423960693,4.652056122837181,80.36035354415351,652.2527302432051,68,7.74
122,83.7654779954096,6.280479700101309,1028.6695449468925,0.6014234260078521,50.52067735766382,724.3105013675143,7,3.89
123,49.08020849831183,11.11416308374146,1025.8638285179636,5.6229681587790985,96.71266152591704,403.67219370357066,305,-0.18
124,36.60311547166061,14.53568955573064,1024.2854822417464,9.576252845053801,41.77609792750997,736.9602006980745,137,20.31
125,43.6761097525165,18.54764314590888,1019.6572594191706,1.7530294235765964,98.41103190364979,364.122637774235,164,16.55
126,55.626467317575376,11.067409187093173,1016.5257211182742,6.900048908206657,66.79199988036271,774.8548915430757,83,11.15
127,79.08088595534959,13.876041483994436,1002.6096027973423,2.0093368865905648,63.467127325394145,162.50266716790105,138,11.73
128,81.6438349953806,22.424128144012695,1012.2535963921209,5.3582768447308124,16.5954895295785,580.9134865522699,73,8.5
129,30.417127831871444,1.100496086717937,1011.1806555103694,0.9667644964671962,88.1927758304644,445.66982831985007,237,15.12
130,60.64483815465395,7.573108330320623,1007.7926135128098,4.503709362581851,42.74896879206152,371.35416381895294,46,2.89
131,55.04466018892674,21.400487576536573,1021.7026034106575,7.561633288952461,16.223340578247935,542.8983151240207,106,14.48
132,43.326468628243816,26.85620513061598,1014.8762720523631,3.4757152423898208,1.260751997575904,592.6999641440318,288,9.4
133,37.19192204002097,15.350323263469983,1002.4313864772295,6.64911724487218,55.975568363838256,103.05428875521636,262,5.42
134,50.256910284217675,15.96340455795947,1006.6054960584944,7.954499607897292,52.739962212267635,216.8671621230391,176,13.7
135,86.57458223475115,3.2151603401932816,1020.4977629097879,9.271778194794527,71.93536223691585,599.1322354440231,166,16.76
136,49.39217592124531,13.422371004703638,1002.283925784709,2.3464208185545354,89.02580530178021,566.4697895047445,145,17.96
137,61.12743730460197,15.978517993650694,1025.5362074214631,3.993159158093081,7.9406584643029525,776.233253590074,330,5.44
138,72.18113753371067,7.27411510904189,1014.8543958104192,1.5241601333041743,73.14964903403623,632.726453175548,283,7.77
139,51.81777614275764,8.077296928481429,1014.4175973197995,9.924835021583752,18.741194409758222,765.5408954119366,54,8.86
140,88.30692496325764,11.31852489313868,1017.7722335397855,9.270009679242953,85.8177053157164,591.7783510743649,178,15.06
141,87.74683769652667,0.602135933331791,1024.7404289777544,5.399571302805596,81.90635138616561,308.6365460476102,244,7.62
142,45.10693774952185,9.66237496749535,1010.4342762370658,8.420332943764212,54.07937549855444,173.75544557559954,341,-4.77
143,59.83491035354313,6.34344020989634,1020.3404845767719,5.209579772720422,71.02427986233116,647.2767043414549,127,19.73
144,48.05269858900618,9.82492056533744,1016.9719589198737,6.2358568800275975,31.43501131837484,550.9044550331412,271,9.42
145,47.090429662648056,3.5928639545775365,1008.0108481050827,0.8912443211601662,47.116789893281464,133.73020867530735,132,14.37
146,32.213216841271965,26.715818422196847,1026.3588995906548,7.552704204968079,82.16368977104716,352.03532613068484,93,6.14
147,66.57386003879381,17.80777360662146,1023.9227806482079,1.2771348363523483,45.92651971732139,769.7598708390003,73,12.86
148,60.16074139373169,20.37306957433469,1019.7535550397528,8.260676302525283,35.77982653254418,450.2808019971409,248,8.93
149,33.08872507499936,23.67513715822015,1025.5174518728272,7.820280876703859,49.421244725029986,402.91039521379327,348,-1.52
150,46.718787854196684,14.953265967871719,1026.0188260287941,7.087446977429765,82.82492524372184,420.38972361150576,273,2.43
151,84.49595315799922,2.6076086426227105,1021.250889301451,0.36160380524762115,33.520804737087275,246.2179068036146,43,1.19
152,44.37371344001834,16.113196254556435,1025.1103998509102,3.031283559453286,17.37615931357438,358.09501960535664,41,4.05
153,38.693692325473386,17.605233540626372,1020.9241438500785,2.631125699108429,71.20140203307808,358.8692791910236,170,18.24
154,59.36716561665378,22.3631842255299,1020.404223152809,3.6013640747151907,82.59782127080818,136.64851413123068,212,14.07
155,89.13902724663605,12.949786386890382,1018.5583413464556,0.8764274676383854,10.063747852353334,637.2973399625428,168,23.6
156,44.523316290690026,3.827409083866913,1022.5814991867293,9.369578230310628,23.98741127559447,391.5531023327153,39,1.41
157,70.32813284435271,8.513277173961734,1004.7581531587922,5.538022407123763,14.19719897609939,675.5259207714963,245,16.44
158,75.69717691972305,10.892468891959053,1026.4261227759678,3.0552431065802352,34.79414115821666,695.2436007839268,151,19.85
159,44.25825263954398,19.377517239948038,1026.155305832357,3.969815170742834,45.035097890541266,248.39583828906063,111,11.42
160,73.69298091671158,17.123349140067358,1000.8774184910368,4.472025405048356,74.88263369633064,560.14743751909,47,2.16
161,52.06698796315519,10.682901776935388,1024.774502516943,6.005943333606173,65.11475848816741,430.5972629140872,63,6.75
162,67.93834983561477,29.59545746378939,1003.8660960242033,5.156794276964978,62.092856747843115,716.1097165450395,225,15.64
163,68.01178264565368,18.173244580706616,1010.0535656277742,9.193919732144174,35.23749466096544,251.01847542351788,69,2.35
164,62.14648104448551,7.116803752079834,1022.3052476887482,4.969634829058302,84.144755308476,574.4692402170309,299,3.02
165,35.4173862032645,3.0534741786121122,1004.8227968814492,9.921580148233126,47.128716739816454,525.4264855769057,290,9.07
166,80.11814973535428,4.585774175529961,1024.539010723572,8.514249577450958,97.91049380151546,306.71103430028296,296,-2.38
167,49.24680389830415,7.378731851535244,1024.9640253387322,2.085105143573358,63.41421382957368,195.62063255582083,203,17.74
168,41.19111062399126,4.82044119778667,1015.2240320128251,9.305952146439163,12.626474156450273,556.1478323340936,61,10.49
169,32.44650849328583,5.5970107215391725,1000.191576151505,1.163663978854761,67.6177562075434,617.0182206926315,318,6.71
170,65.4535765912945,8.552855060815412,1008.6111439952474,8.174497084911916,32.5104015431699,320.939140634345,314,-0.22
171,70.65386171053694,5.201207858842645,1018.5078075512723,3.806232934765801,68.63271966860974,551.3828228156196,161,20.71
172,30.995269735671368,26.902962738792755,1029.4355853408226,8.779743204450694,6.964114816240574,376.5916353280523,331,-3.8
173,60.72558349795686,2.4070123698492663,1018.9544058105,8.680566901074503,17.48814371759594,599.2448182978324,16,3.01
174,43.58974651187628,15.73534168710764,1007.7941074319248,8.059254001176212,85.57372589057863,239.45069242583716,338,-4.32
175,68.710367424567,12.311904809689846,1019.0201710929883,7.900304363070614,22.71795570235149,723.1505018453221,94,15.15
176,40.46198574029949,29.47135850725819,1016.1995613914756,3.046791390980408,83.704112524294,301.1867175259058,304,-3.41
177,71.45626428614796,3.3611670650415704,1023.3953618545343,0.8091928305125218,27.927608845441043,357.45019142930704,138,18.32
178,53.20412077803225,11.935667971372249,1003.2094191648088,4.029801787651614,64.28819100587077,140.66436645624486,338,-2.5
179,86.20379932420407,29.084112998261066,1022.8308370750608,1.7352451498650867,69.4150573509831,178.0585486248935,38,-2.69
180,38.25125664875959,25.965213776819407,1016.2379973602833,6.9495108890246176,51.265475314505295,461.1033318986297,127,15.38
181,50.46398106301551,24.512162128478398,1028.8897601157698,3.4609972653778556,30.531067669673128,287.31487370958007,275,6.21
182,36.80841127443534,7.737084811348195,1010.2561649811606,9.756102008599148,21.264437637109612,684.836158019536,164,23.28
183,85.48161709671376,5.126627621701974,1018.9786567940184,6.40972077345332,3.318935456242622,110.28537205846769,319,-6.07
184,82.64036120285886,20.05929659773293,1027.9608431653005,8.224805636343609,30.39464012407238,365.36583407035533,77,3.61
185,45.47649766290934,27.881279673827574,1003.0752918397204,1.3252467274184843,65.3162790531283,336.14188273836487,174,19.4
186,69.59904276205074,16.702886790417892,1028.1168546170936,8.620144822726225,93.83048184484826,113.52934164232073,358,-10.32
187,79.03333201207295,17.148380684096995,1020.6365716690244,9.227571905133944,87.1204482263052,187.05787930035714,321,-8.01
188,63.31204869596774,8.399372809808526,1002.0351117731551,4.870619188189359,76.60647765353026,389.5498724430447,91,8.85
189,61.77903470136039,23.084787995758106,1009.0289070084045,6.062529377509774,78.84473432532987,445.00520911321263,238,13.29
190,44.5111374540271,5.611312456725701,1021.2451626593585,7.648098009029955,66.49849034759953,383.00282307840837,264,10.1
191,35.586166068353954,9.71037709212731,1002.0205180440631,1.7483862726041255,26.0286857566003,471.6563748884657,179,26.11
192,83.8329454771996,12.763093158492504,1017.4651138052882,5.0256607646344245,90.71950307058299,516.5921724339771,209,14.82
193,84.02508342979982,15.22831136053365,1010.3764917085887,3.986630277723131,67.0732311905834,106.94667478948494,73,1.27
194,67.98608743639608,7.2722919724524075,1018.6274655330243,1.4637399216224911,56.04406309804399,424.8666116174527,107,11.72
195,50.34178746292204,3.445104742176106,1001.3722610143753,3.6753442229153146,11.098946921348107,774.4494686213118,345,9.65
196,50.95257447675965,18.318601273248976,1026.1461041845712,0.6817230938549357,44.70555438064254,463.3225960906841,295,3.39
197,73.55734073221436,8.658916597207673,1029.2046690753218,0.25811906949486985,46.03582712019263,574.2795872212672,284,8.7
198,83.82661559715463,17.437146642678368,1029.0663356585708,1.3516628915482276,86.45636095226699,318.30470054181825,353,-6.83
199,83.22518545590704,4.630881458226069,1022.4895549522878,9.631151115891738,54.66482201877885,641.7939647069338,182,18.78
200,76.79253275145743,14.434203055644524,1003.902587203919,5.49529535895017,38.04005489704097,641.0450373132805,37,3.25
201,68.52189876925726,15.977682976547577,1022.7478958778706,9.6582216115322,97.68003285106593,464.90723335789727,137,12.45
202,35.04839789970293,1.5547061046728072,1000.737607493764,4.32497878330132,11.072059332631568,783.2096762954495,338,7.78
203,39.69772284567683,10.098128345817617,1000.6637065458699,3.1181613308525957,42.25484283119446,187.88515033385735,56,2.48
204,83.91325131162475,4.032440308169227,1009.7083065744862,5.061418628402441,4.202467517140529,111.86336542270669,187,16.31
205,66.38574357957539,1.9012491141830323,1014.65929571214,4.3951168863291015,73.99041207669303,639.1107482299672,341,0.37
206,30.55182309699778,29.698806971698357,1023.1122225342338,1.0566468426174391,91.80765521991506,665.0088761554177,258,12.49
207,36.08829257196193,9.67061534924169,1020.4988612981952,6.408263146902062,28.003732955048942,184.14506038440337,58,5.0
208,69.81010614648335,24.296233375639044,1013.3770811913024,2.160381825095996,85.83416767991208,285.90798307102426,363,-6.36
209,30.30369503077312,7.6392196429129156,1008.20879998845,6.195879548978295,29.221823046189776,112.28665435664024,123,12.09
210,39.64848308504992,20.44508166671788,1029.9137350047313,6.502010923981533,91.07701616439152,305.3160275463953,188,14.03
211,62.924027361995165,22.806835796690596,1012.7854390670792,1.520248531286481,75.3961903596784,641.1993117430701,230,17.8
212,71.51371186156159,17.869162218235328,1013.5416107298903,0.6134962711066816,80.49067768414386,462.5723693988053,168,18.44
213,69.11767557015604,14.147285656504751,1004.9087146357501,7.807615860684399,1.80065556004545,343.66691521780166,114,12.68
214,43.45615856763359,12.355227424418056,1023.8442864624978,4.5980042376932015,96.2810357074026,360.2175064344312,252,9.18
215,72.73075328085216,10.46604799628986,1020.8104667734447,0.5816379550547579,72.66709920703232,100.9475380008277,107,6.5
216,44.23494524980801,27.885874327434774,1006.6230883836628,9.948663171697671,30.47510953861333,309.8603692956651,37,-0.21
217,49.52398188955606,24.918582233631874,1002.4714313684752,0.5778056099636664,82.9394664858847,552.5211191465513,335,1.06
218,74.78948430708145,28.950807319995377,1020.4149790622414,6.950352288585532,28.152119841492997,781.93611067145,92,13.4
219,68.97797394283288,3.728916704566342,1019.635336428434,9.836789252634135,87.2753839566128,692.9425788887296,18,0.05
220,80.95340462965068,21.92602425610933,1008.1977858099463,2.391801042159256,11.258039041193701,116.51647525187039,354,-6.94
221,69.4567735380206,28.150213704631135,1028.5259068675123,1.4224936868719618,70.36859774607957,728.9924232723876,63,9.17
222,64.0985162001283,5.436991984969804,1004.531736753427,1.213849394224289,54.069847664491036,648.2388893090382,150,24.71
223,35.62048606968555,1.9948880210033249,1012.970044031278,3.0327514756759557,9.653447019544082,646.2632864996863,139,23.96
224,52.062948183566014,22.233619478701772,1028.308477605028,1.010458110106467,24.189382825883897,420.59703130250006,186,20.43
225,45.91214206090353,17.234193395397355,1012.5918195077837,6.9216134169413195,1.240403627731479,378.60370506815195,185,16.13
226,44.63937860274501,25.254863302748163,1019.1557784299225,0.6229179813006269,46.876796546450585,312.04101018323485,205,15.28
227,88.38063328514673,4.193171298788685,1011.9278319388839,5.094221281497897,30.126526076000037,145.98640126805606,260,5.01
228,53.58586348000563,23.858019355796706,1008.2264560704601,9.966968538529768,59.83574842977588,259.76475444558935,214,9.54
229,83.5227933106268,6.048819601432336,1029.5193294387948,8.139702695060189,29.72378077086172,272.6225444846172,256,5.22
230,67.86831755983577,4.909678285971135,1012.2800201894513,6.152194382310109,29.99191115069847,438.85394879714113,135,16.77
231,77.6886782124989,4.927973937929789,1026.822976110374,3.062536207866117,74.31931987316034,623.2110846176857,61,8.17
232,60.158225586311524,24.437241606941463,1006.8986381767326,6.238958362916385,4.814283597835345,431.6668798785626,363,-1.13
233,64.61423307758155,19.955916620886004,1006.3931411207525,5.270414639116517,90.28949951919873,140.49111461301243,310,-8.9
234,59.55106162913184,15.69196274307358,1000.9340224865354,4.260833838903714,85.22638743911814,770.4528606917427,88,10.64
235,41.71457926788267,10.764914523705075,1019.5500047612766,1.3071037674019947,66.78046832264066,759.9070233658786,324,5.48
236,73.34712691569032,26.31601622439325,1011.0557903117128,8.866042152404667,59.32215701073843,649.6326802038859,207,17.28
237,46.846341746451344,11.773353222679061,1025.930747495189,4.497846488213225,89.23024981396523,793.9295310949544,129,16.69
238,31.45895798588723,24.497983184147312,1014.1962972007467,1.9462251182076507,18.533017952871443,481.137632960184,311,3.7
239,68.72833775443007,13.174047257106553,1029.0458028374417,3.677593508772896,7.896916219082861,773.9378451772443,3,4.79
240,40.62664076442294,11.308332882747226,1005.5657654710936,4.1412975252892705,23.95101699095381,152.92352843172554,242,12.54
241,86.42751506117486,13.880393570088193,1026.0586950386682,8.275378955668742,79.45782787001903,355.97652378295993,121,9.75
242,87.23571462015525,9.041336224924262,1023.2979055837523,7.336143805614021,3.4670266726483323,257.7668876047361,102,10.43
243,84.89186341322691,22.428281405287535,1023.1276553393216,7.693048936413398,58.280683508348964,237.083158893989,38,-4.08
244,52.20952201532666,15.081611702774374,1025.3434968435067,0.11031264428647214,99.54375161913099,198.56206422487327,341,-8.23
245,30.927396991732046,6.96638085440452,1022.83071972829,4.161539981797615,85.56960938375394,535.6895490961977,133,20.08
246,85.69911375526353,26.987237198237054,1018.7866096489424,4.813441516353237,52.14456890435895,646.9252990231136,202,18.09
247,55.69104889903886,11.516736641196342,1003.9373463304717,0.19192276823056686,6.364090928664234,504.80887959425246,348,4.23
248,87.99928914262017,16.306585833419657,1000.9757853847376,2.598132087450342,83.13735143857099,202.87389671174677,21,0.42
249,87.81719862535518,27.19416332893641,1027.6254354344705,7.60289823122135,59.89785081772106,667.7866389534296,242,8.41
250,81.1805673280416,18.727139877419763,1018.4995094356221,1.3710970572899905,11.493299705956684,545.16829501461,109,18.69
251,47.66693352417514,3.506941221250922,1023.8961187292853,5.353101314525917,9.38572848233562,371.71599428889687,303,3.9
252,53.105863716115515,28.194963708404252,1014.4456705453765,2.152018720172375,90.96268194365923,571.891206875244,84,9.92
253,81.06820029101141,18.831241592142536,1003.5192456688718,0.12120774643893273,66.92002629380784,281.933485469983,83,6.12
254,49.01532030937666,10.047168439712584,1003.7555737660765,2.412014575995415,82.92867993167555,341.63454594594737,291,2.37
255,40.16956480116555,4.1781621799016175,1020.5669586168691,9.758737549100537,87.89789002822673,742.2400901923932,69,9.45
256,63.40807574750101,23.820755678108878,1012.9091768469839,8.015371118829895,57.17723520483222,303.35315396999425,129,12.27
257,86.16928644964686,18.602182677855406,1006.0157418010101,9.595766443210334,51.74463517550413,428.9917877105556,196,12.22
258,71.76178780049838,16.003832759289647,1014.7478364022431,4.878540439263625,43.042741032099016,723.0987961772103,140,22.17
259,64.2036702053619,26.81677749152873,1001.926268112254,1.097361986775035,31.69465877911193,595.4049451872693,283,7.47
260,35.83058962624611,23.657916336735923,1017.459142057432,5.47959488973693,43.459596085871176,143.54225831529192,312,-4.65
261,66.90043360195018,4.550246391982535,1008.0698021330529,4.543773345599609,77.38796557301563,203.11213099527924,234,8.87
262,89.4032310062558,9.351662033866447,1023.9267730191157,8.44357082739616,60.19234310151316,105.48911354034178,23,-5.3
263,38.40504091419144,7.454674194433972,1009.3108587677073,0.9808258078424459,89.2523289954846,541.6452531604144,153,20.34
264,61.09977914182421,22.31838877718031,1013.6566044724541,4.882411370217782,44.33800143791877,413.37139778729284,277,5.74
265,82.64238431567733,1.0059730420733815,1000.348616197243,1.5004866469398426,60.7089578718754,193.99239563159287,61,1.62
266,74.44611706525227,17.096690546139495,1002.1734066338367,3.2467592689005995,63.130755309198875,770.5538847397393,319,5.61
267,71.82094445971607,22.873760572220718,1011.7748066922005,7.373570773877996,59.16971623063255,470.76180676193394,52,3.01
268,72.14904503922655,26.302969102852483,1014.3981650415137,4.7601812936876655,70.26337730855164,269.32530587902244,344,-3.54
269,51.56946907318531,10.262452461477224,1018.0006164435791,3.7588828514576935,23.74334683748063,450.4224998082953,153,20.27
270,47.6155106558696,24.637719140160385,1008.7498773612791,3.944762785700353,51.23637775457907,575.7342329145755,237,15.85
271,78.56166932871082,3.318952108656217,1020.8494565837963,4.594467684059866,10.422480280834767,153.36745258149514,311,-1.1
272,78.60680368075084,25.393568752035545,1025.8036719156762,7.850165438370569,38.45113276448126,292.2926705335244,302,-0.45
273,82.02433911480622,3.8246598699594725,1023.3955296668005,8.920846889402345,48.76670686212644,664.8758436187956,32,2.33
274,84.79443315338828,11.918618716811018,1001.1885647604507,9.553346865039282,65.22242595454725,421.76540928186284,55,2.48
275,60.68054393165627,23.918860973386607,1014.4152084177349,7.869033862552951,95.05310525862035,482.6039994226064,352,-4.65
276,60.090977681231976,4.497522820463214,1003.1479053525452,3.1540689574801273,60.06510665483559,402.9712015466285,36,2.37
277,77.89771073800651,6.877541856979245,1007.2613504758758,6.881347060865421,74.35939161765597,130.72995985010357,110,7.47
278,68.99783584666591,21.667577051791987,1029.5998777980144,4.376031240553919,50.626605949520275,216.02484587410916,177,14.45
279,72.11801263546221,21.601096096382232,1004.2748662870454,2.5467062204605115,63.41040313763313,411.87914711932365,362,-2.87
280,77.74756016616607,19.234428986558918,1014.9666446035407,8.408715794259226,7.093221613377343,246.42982578554947,314,-2.37
281,83.40032050905398,20.818453334013,1018.5446720295436,0.38426348962324997,25.439158084184697,134.98532006177513,295,1.64
282,50.27970941109215,16.281733300427884,1021.0739491163231,9.017619921354235,36.185309320513866,690.5547648362766,336,3.92
283,52.53497715839664,7.553971767208583,1016.7894605046074,4.614774646247342,47.249335500651355,786.8347704148811,97,19.3
284,35.63891639045214,10.370879805117584,1000.2931254225755,6.3720147680828045,4.564874550238374,655.2000117977176,213,21.89
285,64.69680845977044,5.44793150404277,1009.7938392473197,6.593539222057827,14.002409755331769,697.649445193267,317,4.78
286,32.156536427804525,27.25351684000885,1015.5313493015414,8.951177407065364,27.68143077913058,269.38399122193175,137,15.63
287,57.93588108794761,17.501753842983614,1002.635994974345,6.366696821672074,97.15326909010507,772.4388828592398,6,3.0
288,62.5586780824546,12.025542502909197,1010.5188079362754,6.139335847600618,33.134700710305076,237.84799311739988,109,13.09
289,47.192475127697065,13.86017410932398,1000.996093263741,0.6665204056068996,48.20410581120825,766.0008672532825,35,7.84
290,65.44999563414065,28.41850018835446,1002.3573549146506,5.18408021945204,19.609771273839293,796.3735057761658,39,6.77
291,31.830014996342967,4.600542093482406,1011.9076982860479,1.5016900081704165,61.07800710757682,598.2059640222341,150,20.92
292,32.24089132495286,17.586894960503916,1003.9814726212918,7.374337687214856,28.068321551597432,786.8006122542753,118,20.68
293,79.3560336395795,15.17666036653398,1017.0262254478467,5.122219208126745,20.699257843842677,498.67784569697255,261,11.34
294,51.61143848467577,18.343627063039435,1020.683949074118,6.802277792083533,51.65726284459791,281.67924822326324,87,6.13
295,37.623630759113084,0.5433055146252153,1024.0176009732725,0.41672900602384266,0.5505799160420821,405.8971199659346,76,14.17
296,61.334595603288264,26.163717268324543,1006.0045073273443,0.8479201604580322,0.7664032649225327,515.4926547651502,313,3.91
297,76.19961318591665,27.96354847450837,1005.024477467772,7.163233880626823,21.906880910185777,151.1570934189105,214,10.61
298,42.94926164981059,16.953995507676268,1003.137035210032,0.7208433599867337,3.672136250082114,535.6402852320723,285,8.43
299,67.37342854914002,20.899524716306768,1019.0929074863091,0.712567277652586,10.802575413069137,786.8244857336061,239,19.7
300,35.12084789962608,27.67498143531887,1021.1942717946071,0.1210847523488745,33.88606493387516,233.07535484860935,165,12.95
301,33.10090327011646,21.21715902940196,1000.9475843447692,9.5650139829948,80.25856795798128,654.8165814018683,87,11.01
302,61.88127789408888,4.57617128742784,1028.0863673873107,7.37508359459007,57.204864336930086,735.5291556457336,141,19.06
303,62.43810729660639,17.288650805004394,1001.5591385095441,3.5325140850206416,51.26677259564164,760.5911149741546,160,25.18
304,68.2457940898924,18.201451391485676,1016.2388900590321,2.9653558128765525,29.348882320812166,772.094923083813,46,9.89
305,73.5654800233597,12.72392013907158,1021.2718155835275,3.4970322974584955,93.17537194328163,465.0217471050304,112,13.1
306,88.55112476775207,22.093327068741687,1026.1290737123825,7.746535311811819,39.70150412371917,784.1155355940526,45,7.7
307,60.97802089807172,28.031010443070446,1021.4226079639728,6.613706110704144,8.70927667957715,630.1171449941072,247,12.4
308,49.377388376474755,27.76705538720329,1024.0518424920938,1.8519556786746794,61.70665161178013,213.17000536587332,104,11.45
309,77.71117168612221,13.525181142123962,1010.1835057762842,1.7410933533408435,11.38383934766014,433.830074527579,85,12.58
310,46.24993507572445,3.397141375222658,1024.4447534123954,0.9839564971339732,34.52231428016921,602.8318227604028,134,22.26
311,56.338285242338166,29.54523596887004,1002.4034453915402,6.603027197013382,50.74119387178089,273.13822107335835,108,10.76
312,34.70738288053596,25.166942593378025,1026.844499681816,7.643726622217359,87.42225246851758,548.4306284842212,18,-2.37
313,31.52104460492745,3.739880436098005,1016.427771284612,2.6504642832500402,49.35465803401187,566.6203353326334,94,14.9
314,87.7589048806755,27.62525647852117,1024.5189330988749,0.20944961030912812,70.22587660316643,213.88982066599613,150,11.5
315,80.15880723073235,26.096890861863848,1013.569548535549,0.8217166747642735,99.28168389990704,495.5597187169294,246,8.6
316,71.75845236562188,15.565141713782163,1019.3073308558958,9.678600348450304,13.148911989798162,640.1388376850254,289,4.98
317,54.53717666485619,17.738263072347877,1015.7920798280834,2.9544477747742026,27.47315255195195,449.22696517515936,209,20.02
318,40.39765920425074,11.970081116103907,1021.94768565266,7.692231478381336,39.45760755976464,108.4721817432752,126,11.16
319,39.38622256026516,1.64284916466094,1002.4488994609177,6.2466356885426375,42.18281785388314,106.32692835550452,235,11.09
320,45.01457388987572,10.055917249377028,1001.8105625197169,3.8193963965289592,41.102107526554576,349.92054077900855,122,15.08
321,62.95359988236723,24.085603457940344,1007.4130970203043,2.0568726219555513,90.76110025565549,748.3358479022473,138,17.15
322,72.87575536200374,0.13896069013808576,1004.7863404033957,1.2138641815940643,71.40326444668564,260.07374572252616,115,13.18
323,69.61184260306388,10.004975150734325,1026.153506997766,6.150129680388666,60.79052140907037,544.054582210181,162,16.28
324,46.79603381675657,11.9450608077283,1006.5764196207414,7.74633780637788,30.93727178627821,255.4531094853244,201,15.41
325,87.29191683979164,16.121868088137685,1029.2759576745739,6.439042535411307,82.37903842212947,325.168992761684,234,6.17
326,74.27381500174612,27.595668492382813,1010.1068737531332,5.303021332491583,95.5060511484989,693.6294627210387,28,3.73
327,63.26124315068404,10.390379830978837,1005.463537470661,0.41951223431636264,82.11982825502265,610.2030095889628,11,3.71
328,66.70324477406113,10.40859605688683,1023.6909552142744,9.684887775943839,0.15651051914729042,166.77949411924743,206,13.53
329,55.176003745667394,22.125037443292452,1019.7612332650262,7.987141916545745,63.6401370183407,400.09141469050354,167,17.89
330,44.86385937006945,13.566538226694215,1014.9458714935942,2.928220367009647,5.1135381442100725,120.41883455168512,247,8.47
331,51.3583607190757,6.738144688199458,1016.660906528129,9.799703293588507,25.760722033372186,436.6231026221063,47,4.74
332,75.47076662786215,13.573185483980803,1021.5760533481679,6.018815896363221,5.952470034777169,563.7038081907476,246,14.3
333,30.863609317785354,4.225710611393996,1006.853642239939,5.824226582072464,60.37954529493877,182.9518365187061,127,14.31
334,36.964358430414975,5.291609595186699,1029.8900174817022,7.4807317942953215,68.65899134926067,302.21945723641596,147,18.05
335,32.760158521305165,14.951033182184393,1029.2437948644035,8.117697880901375,11.448763806590511,378.48563785150986,118,16.67
336,32.44372813913821,12.567763485136437,1019.5097705904082,6.564786073315027,38.38388830449795,743.6717172592348,152,24.6
337,81.32763504066044,27.445377032043,1005.9862735278743,1.2809574636620003,45.6236508955542,795.2785107960748,72,9.12
338,72.21947156280142,10.871816973498994,1020.4068472729388,3.382675059944984,36.90530217609166,131.4379092969311,363,-6.61
339,58.45042974523951,17.417650508341303,1002.1659522693752,9.280836403260498,12.102500048519305,632.7055464467744,137,19.79
340,35.87004963906009,18.96792863758591,1000.9195750661742,2.2461561184385195,41.89477901874754,360.20684648164024,175,19.6
341,59.496952507009944,0.3928336976500091,1007.7304866553364,3.7216702383751334,75.11780478084181,374.720730360636,289,2.44
342,58.40830624683394,19.906121160501318,1013.8786887021795,4.32076882944196,7.100766453325546,627.9854813429159,19,7.86
343,40.39211219460091,5.341079006092543,1026.0481751622515,4.394049896944522,8.018001408190345,742.8985025017861,195,28.27
344,56.031098954278384,28.832109524083656,1021.8150720929892,6.129395824945255,35.47712918359842,765.6500161517839,330,4.18
345,53.910284063842404,4.459881832593389,1022.2811956359994,9.430758377447075,94.1725711618925,503.9858102268245,175,17.82
346,66.95100588313299,12.438723711810711,1012.7648000334423,2.40692711832505,66.85726467229141,349.98481151035196,354,-3.05
347,68.10561905205863,2.5604900423593158,1010.378049776409,1.2150137630091806,67.86699566725648,651.2843601011455,141,20.3
348,32.71824058632267,29.906227555378422,1011.1311628895381,1.9747048985993731,36.1919990837865,275.70096828361017,246,10.41
349,52.47675687758827,15.065850309937277,1029.6294869120818,8.869249002092696,59.36607912085384,494.85182018346245,93,10.7
350,67.55159494285418,17.861550519601312,1001.2032757423744,6.458108126552061,1.0131184027743378,351.0049230674112,239,10.31
351,60.18817551480526,2.012294321652824,1026.0109448836733,2.859067892391601,63.60960464095422,559.6417515955133,205,20.51
352,81.38939047129934,22.498814111975335,1017.3602622571718,8.159469389686173,91.32869475762368,268.27923902545484,48,-3.91
353,69.52161789713671,6.2971677928675724,1013.1584625756877,8.61369996363436,61.25734683448192,234.11506201437803,245,4.48
354,39.77606562488578,26.941628683221413,1021.757729812454,8.465143386902781,87.3698593466345,742.7673606728059,320,0.69
355,34.23412484402579,6.1541892144602155,1014.600068242741,9.189265336395545,72.39730554660937,171.26257806467584,317,-4.11
356,68.54515669237894,5.720631619909997,1026.2026971424498,2.522410201733616,12.055841640369025,454.17053541445216,295,8.97
357,31.59067863249731,1.0964900354428464,1027.0210559203379,7.550419287462783,90.24533072858418,254.59694807410625,128,14.3
358,65.1465348764078,14.162008353299978,1012.6516278062037,4.6053949727414,6.644384435577488,127.25097432796721,344,-6.27
359,86.41381448549745,16.945233997878493,1008.3048339170515,8.419985528900614,53.39674725477638,125.21317280399848,282,-1.32
360,64.52845067255274,1.971259182850571,1017.7705098578009,7.284906771616132,14.213712379345766,222.65524047407914,17,-4.05
361,53.29019557239131,23.26582850085032,1027.3709003685008,7.764474464997246,1.1706610730904066,706.7392481542001,71,13.17
362,68.59729310654119,13.598665042440828,1006.31986567017,6.561618376810715,42.2034260127639,297.73512078391866,269,4.26
363,57.495173429491,15.731708079827401,1018.6889975069045,1.7742876946970687,29.504070765415623,765.321419402707,325,6.32
364,62.7370073589561,13.222882408146845,1018.9468066027756,5.450269188969383,48.6000493797603,507.13560509243547,282,8.2
365,86.4878885265915,12.02289182625978,1021.9933906724584,9.846697395245082,57.71998867345508,405.62993283813626,305,-3.41
366,53.16615826804645,16.789209939246536,1003.9470305538177,9.373880664971189,4.373907230894735,506.06218426861824,7,-1.25
367,87.67143382943485,4.657207377921376,1021.4747489404626,0.4317373579701167,12.300329512374564,461.68886965838743,314,2.75
368,84.32103851736383,5.457843914858134,1027.2709756199692,1.6481481572943713,55.86423964504254,631.1433776301276,305,6.71
369,41.74746808735779,25.85356863040552,1005.3904932661072,1.317287734545619,34.316735317265824,297.74724618099657,103,9.68
370,34.16167805250993,28.38346386400898,1007.1262997477163,7.259799099852955,72.9173487549448,347.13527412021165,309,-5.8
371,36.0466800826456,11.199279488392587,1029.1418528212491,8.17785329856945,65.22916485919397,725.8660117732755,193,21.37
372,31.093309539092985,8.122340194306613,1005.4293085812847,2.1351136631067194,84.56043629899068,762.5195592052838,241,19.57
373,35.6665776453557,19.319986297170473,1025.6315528010873,5.05852692951829,69.24928266692253,724.7907592405321,62,11.49
374,70.98040640498141,12.262025132942892,1014.768335693441,8.407030280112,42.99310773901481,393.6135957701195,17,-2.67
375,34.27131890761374,0.7615906698103458,1007.4169322320953,7.328015447662506,67.29666223944324,646.2558521048172,171,22.45
376,49.138537817625675,4.684577920985711,1026.1224970381754,5.422372054918483,27.538117425541852,433.43501331076914,25,4.33
377,80.69251865816727,21.479166865421927,1013.35915765008,5.903476904587729,30.63134987782127,448.2778965022715,251,6.7
378,31.39631614414955,19.76771825730454,1015.4445206178907,5.0836054691628,78.89851599207933,243.27607634009877,253,6.44
379,78.86810895533614,0.8128797751045047,1010.7770010819929,2.9754845131882055,44.64195164015822,513.7912122809615,207,19.48
380,46.911286486403995,6.6591648579884835,1017.7885255430479,5.650219928590161,79.83803405183525,230.29512842734354,29,-1.51
381,37.08988965729937,6.932243897642142,1004.9057161775506,6.888853020500907,82.24223736682784,332.09528934703565,117,12.34
382,71.80422992184904,20.15678230796185,1011.7324460995528,8.733229158608077,85.75623376612837,698.5211411339546,282,5.59
383,67.73657080679304,0.5913161326309246,1029.0823696700586,6.362913539792481,91.66352358412072,244.95306644759864,144,9.68
384,82.64832081162318,3.123257459537215,1007.7440029810339,7.61121537043158,43.098522051329624,149.81079962140296,25,-5.26
385,74.10426262823314,23.99748256119568,1019.7020999362387,1.60071634954573,31.886681832113883,148.3053148289714,310,-2.32
386,78.20885582309091,5.356339861630008,1009.7557019267408,4.6155747441978985,58.21987465941139,758.5491643521756,156,21.44
387,46.92207435427839,19.58238323555624,1023.2041937705981,0.09331619827093296,37.117242343762754,454.84430657328426,73,9.79
388,40.64637262678337,7.145483431401796,1003.9262098215505,2.46678864521623,60.1074166800233,386.58845027191285,120,17.02
389,75.0368850984515,2.983241782780355,1029.0946313523564,7.264617151130048,70.55858626438246,667.6150067055429,312,2.76
390,78.41008435603584,7.295165729983623,1013.6136862415092,9.918099513493635,68.84050184921368,685.0781495373612,321,1.69
391,89.4303085200404,21.668007955669776,1007.0815139003939,0.9917809958721591,37.45528870201213,332.53372318092323,93,7.39
392,54.757060614685585,25.67089404318857,1002.2049024199003,4.0149431586128825,16.68602016987528,585.5326402316566,86,12.44
393,52.32108514756699,24.906595937009747,1005.0927371526262,8.000709686991595,43.05293384622075,639.7859710963206,336,1.83
394,76.5847776445198,11.915505888553644,1015.5932184566806,2.0403563462889887,14.259414408190874,558.2554808061682,364,2.54
395,50.44821241518107,20.042554097119385,1010.1100952929386,5.550849493022863,89.00970351838083,206.11655236006956,118,8.57
396,85.84543953621389,6.149528862474629,1024.8665009764784,7.330712960296748,34.58774607378574,713.1181584619399,233,17.29
397,81.5047651105807,8.794431907830397,1012.9266257098542,6.159854502601791,15.445974722332378,477.3661869152061,199,19.69
398,55.7396416425011,26.890074555633593,1007.4614281776289,1.8802473461541613,2.5447759905750877,297.7306984590026,206,13.57
399,75.05226406748984,0.39005770532208106,1018.5143495981209,3.553845686857394,64.58223862864843,397.65972980638577,339,0.53
400,75.27257244508094,2.5652559256340424,1021.2033165065634,7.837917844853973,63.69023174547432,126.29976327923517,147,11.53
401,36.187432130155955,6.23658765438082,1005.0112572370285,5.542265141320167,34.060416658129164,189.50676085569228,271,6.64
402,84.153174400774,0.7959661162145915,1005.0285764886495,0.052296135429127366,7.171188884765101,635.8827253611026,139,25.32
403,60.315142346871426,5.443063052693919,1001.1001428080062,7.6099076002809385,40.9628894895232,100.0081443287563,181,11.94
404,79.5874479664645,17.491246829090766,1022.0920604519692,0.3531135494023907,31.12174950633936,391.59607993760454,30,0.06
405,49.20297606183671,12.642736517774939,1019.9141358286541,7.457337827312322,67.71206397350093,465.7571267599119,57,3.96
406,83.73139370977202,26.780151332309245,1014.2389262724944,2.024805601652374,60.57792494526903,138.2440940006806,232,6.0
407,53.352100724049784,24.523306852153226,1025.3251134690759,9.580734801193802,36.459372819754,781.154714080633,146,23.81
408,30.6502590888179,10.25452055093628,1024.1701045885015,3.679407513020845,21.78925542549901,258.2877318747704,48,2.71
409,84.32291858515582,7.782703002938774,1017.5606309319026,3.269316163380791,98.80359661555919,312.9391037453966,194,13.13
410,35.477200607168015,11.390772245018008,1026.0481384153977,1.4888805033244468,45.40016211961149,312.75975857851915,224,15.84
411,49.15881825542489,17.708848275444232,1006.175236301103,3.0560421549021486,68.82742357802371,261.29166348214494,136,12.5
412,87.0037180230483,8.041909224686288,1003.3575885819319,8.766507618282006,14.055296757836079,101.03167546041799,22,-5.73
413,87.03642881625336,18.72446723547402,1008.0924883455097,9.963343376272473,48.55896996593978,610.5413558615975,6,-1.03
414,64.40627328739717,12.282349565737213,1001.7126056826794,3.683095305068483,2.7536719869465487,776.7918498594997,204,24.05
415,67.91023273018796,16.561415425559407,1015.935085840031,4.486106309545425,50.545511791044994,257.00543829953153,239,9.2
416,56.90673131869919,13.0837958740595,1028.0981707688488,7.220709382027371,96.40174071177023,564.1330342623957,185,17.06
417,47.592646301883875,8.83397278625753,1001.1803062200553,8.861957804650745,38.420671298580025,619.3274288711006,360,-0.26
418,49.71987272219496,28.453599208864702,1003.6632974203008,5.930443341867841,3.8996012574911587,693.8977653633673,292,8.86
419,70.35110736462231,22.908173824792826,1013.5659708485031,3.9152569817782936,3.095579091934353,395.8404379095264,335,1.97
420,75.1424717662608,4.203395272993577,1028.0162505258372,4.126218408486237,38.798675994686946,312.0516339483005,220,14.27
421,77.4947426235509,26.054039276937385,1009.4846831493026,6.956181464968068,16.002493646319405,327.70659381612177,116,11.89
422,77.37708856767324,14.62293594748541,1015.2170442606517,0.032182636042786816,2.335209632818591,598.834933168959,313,6.93
423,35.47236618292142,26.83656680682274,1001.2471857715118,6.195893374598407,75.62136139501769,671.7456265539453,49,3.86
424,59.66521828215489,23.995657678419455,1004.4502960288627,3.554930104413574,45.85230088818907,227.12977742962187,173,17.76
425,33.45352560099866,12.756405134077003,1029.5989036887654,7.941973312770843,28.924477197265453,359.65870571043564,82,9.39
426,62.97173293942413,0.674079249603522,1028.9535608930814,0.9299063982313216,90.00831830164807,731.3581377244051,322,7.62
427,56.49183008240262,8.060320781548382,1000.1481994280323,5.882022669483905,11.613896020052561,664.6854637863174,333,3.77
428,83.26225096549798,16.249026439826007,1028.554353562697,4.809728898861238,95.59188289553192,789.4008819337331,45,7.69
429,51.05490075312472,19.00434659478442,1019.173598134465,6.423255259052274,31.396671737735282,627.9737817774566,335,3.4
430,37.02402098565635,7.736630562996068,1026.0375488356008,0.6485359448296835,88.84036723086813,375.23664071954556,20,1.37
431,38.57950092317015,4.180682222184724,1013.6421956690158,5.799837874281312,60.294287647946156,513.4464837962464,221,18.1
432,75.69063790304834,25.047907103978975,1015.4678808573775,5.614845879595237,82.67073597414874,562.7099779731242,123,13.51
433,67.09308379897567,29.532065421106562,1014.6653974077076,5.606600944161709,98.40131632104642,154.91907142198676,234,6.89
434,36.067360567367416,15.770705469080575,1020.0059277263831,6.034876665964548,28.840543781874572,481.14787137270554,221,17.56
435,35.04640836689985,5.150378575449105,1004.1895376426894,6.764679372263622,96.1135485407593,596.5245799308267,323,-0.69
436,72.0581478875472,8.169219795581068,1000.8992076961804,8.049889996807698,38.94818949024204,217.12491280074227,339,-6.37
437,34.365780381851614,0.551720296424002,1009.2378982477358,2.6982072012821434,38.55119047369223,646.44220219789,3,5.63
438,79.31160355742138,27.42896419681497,1021.1404228820994,8.250494101800621,34.03871042545057,508.64094635987817,182,17.3
439,72.37453362938977,3.532532486704234,1006.0556035636885,4.982556822634536,54.14076073475852,766.5552499883163,206,22.11
440,34.880926838513986,17.295494265427607,1020.2029729997475,0.7705827913433116,15.41450431784871,129.6956087448242,320,1.02
441,35.09026284511152,8.22165662061618,1029.0973613832182,0.585509292439792,55.37114853580112,285.72829628882687,40,-0.12
442,89.19837471007052,16.6253400754738,1002.8170214736825,3.3423831869606078,54.1704812410004,521.0877155098768,59,5.3
443,52.45624774536722,19.542611650555926,1020.1780635467538,7.8489697711146755,76.190181260487,307.5919385441515,62,-1.21
444,52.23852882401346,24.892254111216047,1013.3125065791371,7.076809347409157,83.36499619375856,600.0969148498696,132,17.38
445,78.76797403545015,6.1926381528180965,1026.044267631325,7.886149646724064,44.044135031242405,631.3036977653517,60,7.14
446,86.83491464303152,0.32987485975441433,1005.3144936834216,5.172690564416094,30.233324935149376,171.76117484653213,331,-3.1
447,89.16006382937225,4.106568902064218,1020.7787785667849,4.401989979554905,25.933489731709447,459.6981249447374,122,14.91
448,75.2026911155365,27.000559255443154,1025.1434586894434,1.4745252670628395,19.462383670487192,456.22338891373914,107,15.44
449,52.57557513185495,26.216702326875456,1028.3384265842208,3.2819275360931153,5.764758219902488,358.49653915087873,96,13.04
450,35.010043001920124,17.922393065109247,1020.4974408486894,4.340193661738753,34.244797883471335,753.0474037987705,347,5.95
451,76.6288149556462,18.0155058130096,1014.9152429202528,0.8860042967961723,27.024769213078326,679.2544239112549,235,17.55
452,63.504254984148304,19.951100236387664,1018.5354172060364,2.2061195271121123,96.64173858664074,588.0465673367457,62,6.89
453,55.453320554818575,5.261138358703487,1026.0671495343615,5.982252940637388,55.77088262500439,600.0286450144982,256,11.6
454,84.38126310568416,27.432358377748795,1017.118292399165,7.356631142391898,34.72770390305075,423.20130066918335,49,1.95
455,36.67184893836908,12.563115746762193,1000.9116117909051,9.983475113929497,58.0467600993696,744.6961647676031,348,5.41
456,59.55750625745155,11.494155847484924,1027.9284608652094,9.331133313435577,13.91967013456955,586.2167990772998,159,22.54
457,30.681218686045145,15.567531158485126,1020.6858025309468,6.425651995351915,44.40437492022029,610.2867431590715,124,18.06
458,58.11963851964757,1.4089790032516514,1020.2954015733173,4.21248053294072,62.62343214210638,703.1836326511417,317,6.14
459,33.37819654091024,4.988501062682382,1006.4702545719315,6.361773647082327,48.889783179245136,291.8501125395337,207,14.64
460,37.12907497608432,22.141008492791112,1019.7665641069797,7.85651618080232,40.177880065432426,664.9496327066921,48,7.5
461,37.05157480662629,2.483960037753794,1011.8159321696247,1.1833619092338732,99.38483888996981,236.66842206954442,136,16.02
462,68.95261812696381,18.094563283991647,1019.5369893112447,4.099048896962882,88.0314762148927,341.7393665714215,201,10.96
463,74.7626927559254,7.360473290439629,1003.1977909092398,8.398022856356173,62.34059581594401,334.9273179888899,250,6.03
464,65.00212590582957,11.678868421259295,1019.7353591380911,3.83832951933044,56.93773611822828,784.9678278723984,314,5.69
465,87.73035290847251,8.660812103120996,1029.98241177312,5.718722712271865,62.06604798245841,699.5760566235488,357,0.44
466,52.49223477142225,10.670181493948474,1001.4463611658167,5.877693608621982,20.131210782243325,590.8189031131818,318,2.74
467,47.14272517691165,21.571377155527365,1029.3152255266396,1.8447625313363936,39.51377432643186,608.9397331307731,295,7.6
468,82.11594769136762,8.913651468695251,1012.2072388216861,3.622354416522884,3.945953289089932,493.45095608179975,314,3.8
469,43.41575031116716,16.992139208906917,1026.1226035101179,3.3451128874193214,47.554603748682666,762.9634669759633,209,22.21
470,87.79335236643668,14.28151206597299,1023.4715645217482,0.26196708532064794,54.302458395766315,447.38112701765306,355,-2.59
471,30.72926848138898,19.910134960879443,1017.0104878296,0.24191763891355245,22.77497361032096,366.36239690892614,211,20.27
472,88.19272960245834,28.10489217974274,1022.1534762775398,8.316970436757735,96.40288471655137,214.1247358521137,192,11.4
473,32.589594717034565,21.97716291630751,1026.3554668390404,2.7307080997281243,90.9454610937242,650.3439565827406,44,4.8
474,83.46858682188426,6.448211357722703,1012.1242096495309,5.180787662388155,72.21432354559059,614.110752452914,29,1.35
475,61.66206654517799,0.9354940518385402,1009.8109948468972,2.9872557358877305,53.33866287653626,369.0485269668944,59,6.56
476,89.57788776715802,7.867921328994752,1020.0278015669076,9.406792451153406,86.99691596476849,117.63538977146055,71,-1.95
477,34.42779388412393,17.852337921007646,1024.2353782582377,2.5929675886577375,13.065234382346292,687.2981294026075,92,17.23
478,63.231257064079244,1.5427744045275105,1022.8685540432984,4.296568127389351,79.0509794274885,107.99258841785154,265,4.43
479,88.15815213714593,14.89098741603709,1023.934409465759,8.727302504846019,12.48208139668483,592.5898457403357,220,13.58
480,61.38587065020893,17.905285467506676,1013.067499444388,8.419335667918087,79.42106625494054,779.17997680824,215,20.4
481,67.76391828811575,10.027316724508825,1024.5350264852507,1.8610141784627732,27.576756825135696,406.36292970374245,277,7.57
482,71.74492133907702,23.12736611237466,1003.6062716611183,8.026433097957105,87.7090581018189,264.4813834971669,64,-1.09
483,57.27246388606639,3.1979475940131543,1016.3346729388255,4.581868867378926,94.40420938253979,593.4097070303671,346,0.49
484,67.6534848050438,2.254133452074263,1000.1727598149437,4.829688720853552,14.879596940511563,671.9896994109096,292,9.64
485,65.05885871538601,21.8456626861081,1009.7375748970081,1.3347997241594378,46.267560506539354,482.50122125449315,245,9.95
486,84.06948062945933,14.864739486185954,1010.9938460461419,0.8060151375712465,98.09873781626851,776.9246926793023,62,11.01
487,32.72678282048747,20.65207189283208,1011.8851807482777,7.279393069737652,48.34074359731466,136.16810516057276,332,-5.01
488,46.85779137553382,13.044820158112387,1020.8640162006959,4.964611523552998,86.35475225145451,453.35691881316967,170,18.79
489,87.02468904459353,7.392060997173204,1011.6567430381103,4.3685070261517955,58.87315221313199,602.9177631257851,269,10.61
490,83.41582703345497,24.573069530225993,1013.4608086786759,7.295082286523967,37.53299079196019,703.8483298044252,267,7.93
491,57.33940516714278,23.982476369069378,1007.1263239262298,7.6551289899110975,28.57835555258702,225.47892833545302,54,1.12
492,67.2079558680922,20.840894125632804,1011.1975537488802,1.5890816766935356,20.322309108608728,660.002437234577,16,3.86
493,46.64287097886796,8.164354116898881,1006.8180888178946,6.102251494776413,76.17981913776973,486.8949530029817,8,1.15
494,41.287269583425676,17.706920006072615,1002.1958777130533,1.3535408227768553,38.65405068230279,377.58757739297425,104,10.81
495,57.82190429639893,10.829216908200804,1018.1034578014413,7.513750860290457,51.12754622007512,192.2005200053655,59,0.87
496,51.20113368156317,2.7474621997990245,1020.0463839566505,6.569551562671395,49.23254800011819,705.7070312362387,313,5.2
497,65.01936671105233,27.519407263867283,1018.5847103802885,9.56614621083458,57.727902923313124,210.09124572580075,40,-3.79
498,34.66407821789909,4.104558927568842,1013.9048213140172,0.6895801635642118,86.55771456245522,316.85150144636947,237,13.89
499,88.46368845996999,28.50712061462407,1011.3935734053769,0.5705472115125432,98.07393435834294,303.0318723737058,94,4.52
500,89.17264466877617,13.380173188738672,1025.9000094871546,2.8218707469320012,40.758420857381694,709.989823933598,222,17.6
